openTime,open,high,low,close,volumn,closeTime,quote_volumn,trades,taker_base_volumn,taker_quote_volumn,ignore
2021-07-21,1.70920000,1.87400000,1.65980000,1.85530000,3391162.31000000,1626911999999,6089933.25062800,25551,1731835.00000000,3109794.03966100,0
