openTime,open,high,low,close,volumn,closeTime,quote_volumn,trades,taker_base_volumn,taker_quote_volumn,ignore
2021-07-22,1.83000000,2.08690000,1.78130000,2.03850000,9771644.37000000,1626998399999,18647863.13465600,75918,4888504.87000000,9338072.83901500,0
