openTime,open,high,low,close,volumn,closeTime,quote_volumn,trades,taker_base_volumn,taker_quote_volumn,ignore
2021-07-21,223.39000000,254.50000000,216.99000000,252.64000000,154580.57470000,1626911999999,36961325.23519500,90883,77648.00280000,18562353.91270700,0
