openTime,open,high,low,close,volumn,closeTime,quote_volumn,trades,taker_base_volumn,taker_quote_volumn,ignore
2021-07-22,259.45000000,280.33000000,256.67000000,278.66000000,225622.72760000,1626998399999,60639509.46295700,155722,112241.92830000,30177202.39420500,0
