openTime,open,high,low,close,volumn,closeTime,quote_volumn,trades,taker_base_volumn,taker_quote_volumn,ignore
2021-07-22,1.17110000,1.20810000,1.14920000,1.18560000,158912321.76000000,1626998399999,187077128.52968000,303957,77870484.07000000,91712545.86938100,0
