openTime,open,high,low,close,volumn,closeTime,quote_volumn,trades,taker_base_volumn,taker_quote_volumn,ignore
2021-07-21,1.05410000,1.18430000,1.03660000,1.16980000,172375258.32000000,1626911999999,194216212.53002100,266657,89108228.92000000,100393662.90984000,0
