openTime,open,high,low,close,volumn,closeTime,quote_volumn,trades,taker_base_volumn,taker_quote_volumn,ignore
2021-07-21,0.09830000,0.10570000,0.09600000,0.10520000,6994710.77000000,1626911999999,716682.14771400,4178,3343489.43000000,342112.20632400,0
