openTime,open,high,low,close,volumn,closeTime,quote_volumn,trades,taker_base_volumn,taker_quote_volumn,ignore
2021-07-21,0.01567900,0.01717300,0.01506400,0.01695900,131452011.00000000,1626911999999,2133529.78700100,12384,67791810.00000000,1099537.77926100,0
