openTime,open,high,low,close,volumn,closeTime,quote_volumn,trades,taker_base_volumn,taker_quote_volumn,ignore
2021-07-21,0.69630000,0.77970000,0.68170000,0.76500000,10479129.91000000,1626911999999,7738305.34470700,23132,4923430.24000000,3638666.65442000,0
