openTime,open,high,low,close,volumn,closeTime,quote_volumn,trades,taker_base_volumn,taker_quote_volumn,ignore
2021-07-21,0.49710000,0.55400000,0.47410000,0.53420000,46191585.74000000,1626911999999,24012580.49882700,63186,21583443.89000000,11227415.01563200,0
