openTime,open,high,low,close,volumn,closeTime,quote_volumn,trades,taker_base_volumn,taker_quote_volumn,ignore
2021-07-22,0.05907000,0.06142000,0.05840000,0.06123000,53556768.10000000,1626998399999,3205994.06396300,13415,26782768.30000000,1603380.81409000,0
