openTime,open,high,low,close,volumn,closeTime,quote_volumn,trades,taker_base_volumn,taker_quote_volumn,ignore
2021-07-21,0.05524000,0.06076000,0.05323000,0.06051000,40057292.80000000,1626911999999,2284963.99095700,10197,18653266.40000000,1062636.36670700,0
