openTime,open,high,low,close,volumn,closeTime,quote_volumn,trades,taker_base_volumn,taker_quote_volumn,ignore
2021-07-21,3.11880000,3.32310000,3.08830000,3.28440000,320282.30000000,1626911999999,1041360.53241800,4790,151273.20000000,492149.58319000,0
