openTime,open,high,low,close,volumn,closeTime,quote_volumn,trades,taker_base_volumn,taker_quote_volumn,ignore
2021-07-21,0.12419000,0.13409000,0.11945000,0.13317000,4774953.90000000,1626911999999,603372.30286400,3318,2358046.20000000,298264.59737000,0
