openTime,open,high,low,close,volumn,closeTime,quote_volumn,trades,taker_base_volumn,taker_quote_volumn,ignore
2021-07-21,0.02757000,0.03100000,0.02690000,0.03055000,20217928.70000000,1626911999999,585897.31610400,4374,10351529.80000000,301322.80857000,0
