openTime,open,high,low,close,volumn,closeTime,quote_volumn,trades,taker_base_volumn,taker_quote_volumn,ignore
2021-07-22,10.47600000,11.62000000,10.17800000,11.37700000,3075216.58300000,1626998399999,33719309.85730500,78147,1481032.17800000,16225837.75792300,0
