openTime,open,high,low,close,volumn,closeTime,quote_volumn,trades,taker_base_volumn,taker_quote_volumn,ignore
2021-07-21,9.44900000,10.59600000,9.13500000,10.40800000,2263053.02900000,1626911999999,22703314.11528300,45823,1122068.84400000,11256431.83502500,0
