openTime,open,high,low,close,volumn,closeTime,quote_volumn,trades,taker_base_volumn,taker_quote_volumn,ignore
2021-07-21,9.64700000,10.63700000,9.47300000,10.53300000,624943.93300000,1626911999999,6382479.67303400,22371,331826.77200000,3390330.64492800,0
