openTime,open,high,low,close,volumn,closeTime,quote_volumn,trades,taker_base_volumn,taker_quote_volumn,ignore
2021-07-22,10.44000000,10.96000000,10.23800000,10.83300000,879782.50300000,1626998399999,9345434.27226600,31615,451242.96000000,4793473.93170200,0
