openTime,open,high,low,close,volumn,closeTime,quote_volumn,trades,taker_base_volumn,taker_quote_volumn,ignore
2021-07-22,22.35000000,25.97780000,21.90240000,24.79440000,27726272.03000000,1626998399999,659596803.14313000,1042877,14138042.23000000,336362491.02455600,0
