openTime,open,high,low,close,volumn,closeTime,quote_volumn,trades,taker_base_volumn,taker_quote_volumn,ignore
2021-07-21,15.01860000,19.43880000,14.72380000,19.09910000,15997736.44000000,1626911999999,281456585.63956700,433048,7818645.85000000,137718561.18386200,0
