openTime,open,high,low,close,volumn,closeTime,quote_volumn,trades,taker_base_volumn,taker_quote_volumn,ignore
2021-07-21,6.75300000,7.46000000,6.56600000,7.36000000,60291.18900000,1626911999999,423838.42327500,3040,27962.77700000,197211.36253200,0
