openTime,open,high,low,close,volumn,closeTime,quote_volumn,trades,taker_base_volumn,taker_quote_volumn,ignore
2021-07-21,16.05500000,17.93800000,15.71800000,17.75900000,82861.38100000,1626911999999,1409285.03149700,4979,37440.91900000,630031.21767400,0
