openTime,open,high,low,close,volumn,closeTime,quote_volumn,trades,taker_base_volumn,taker_quote_volumn,ignore
2021-07-21,4.39200000,5.01700000,4.28300000,4.97800000,518911.82400000,1626911999999,2424266.29340400,10082,251741.59100000,1174555.93117400,0
