openTime,open,high,low,close,volumn,closeTime,quote_volumn,trades,taker_base_volumn,taker_quote_volumn,ignore
2021-07-21,0.46650000,0.49950000,0.45600000,0.49430000,10273842.55000000,1626911999999,4945527.86794800,15947,5288949.61000000,2545192.21091000,0
