openTime,open,high,low,close,volumn,closeTime,quote_volumn,trades,taker_base_volumn,taker_quote_volumn,ignore
2021-07-22,0.50300000,0.52240000,0.49530000,0.51280000,10525981.04000000,1626998399999,5347274.86502500,20953,5230253.51000000,2657312.41921600,0
