openTime,open,high,low,close,volumn,closeTime,quote_volumn,trades,taker_base_volumn,taker_quote_volumn,ignore
2021-07-21,398.61000000,428.00000000,392.00000000,426.07000000,64488.04169000,1626911999999,26611217.47912750,62439,33775.32641000,13929490.70748510,0
