openTime,open,high,low,close,volumn,closeTime,quote_volumn,trades,taker_base_volumn,taker_quote_volumn,ignore
2021-07-22,430.76000000,445.48000000,424.27000000,442.15000000,77928.94325000,1626998399999,33888887.16532040,76995,40697.90737000,17705686.47299640,0
