openTime,open,high,low,close,volumn,closeTime,quote_volumn,trades,taker_base_volumn,taker_quote_volumn,ignore
2021-07-21,0.11737000,0.13272000,0.11350000,0.13267000,16676617.20000000,1626911999999,2096025.54679400,11212,9723950.30000000,1226664.36732000,0
