openTime,open,high,low,close,volumn,closeTime,quote_volumn,trades,taker_base_volumn,taker_quote_volumn,ignore
2021-07-22,293.27000000,298.44000000,287.30000000,293.36000000,1173507.94320000,1626998399999,344239131.74397900,674014,593027.85810000,174041138.05311900,0
