openTime,open,high,low,close,volumn,closeTime,quote_volumn,trades,taker_base_volumn,taker_quote_volumn,ignore
2021-07-21,264.43000000,290.94000000,261.02000000,289.10000000,1089810.46690000,1626911999999,304557317.63061300,455713,570696.03740000,159473800.56655800,0
