openTime,open,high,low,close,volumn,closeTime,quote_volumn,trades,taker_base_volumn,taker_quote_volumn,ignore
2021-07-21,2.58280000,2.81090000,2.53330000,2.80170000,203429.24000000,1626911999999,548024.44236500,3865,114504.21000000,308121.65733900,0
