openTime,open,high,low,close,volumn,closeTime,quote_volumn,trades,taker_base_volumn,taker_quote_volumn,ignore
2021-07-22,2.83760000,2.89990000,2.78410000,2.87830000,198429.08000000,1626998399999,564007.93403400,4902,97305.20000000,276498.04394500,0
