openTime,open,high,low,close,volumn,closeTime,quote_volumn,trades,taker_base_volumn,taker_quote_volumn,ignore
2021-07-22,32144.51000000,32591.35000000,31708.00000000,32287.83000000,46148.09243300,1626998399999,1482763544.95053643,1000742,23274.51280500,747848528.87672003,0
