openTime,open,high,low,close,volumn,closeTime,quote_volumn,trades,taker_base_volumn,taker_quote_volumn,ignore
2021-07-21,29790.34000000,31947.77000000,29482.61000000,31801.25000000,45881.73619600,1626911999999,1420254691.14303304,756225,24051.91817100,744471580.56838078,0
