openTime,open,high,low,close,volumn,closeTime,quote_volumn,trades,taker_base_volumn,taker_quote_volumn,ignore
2021-07-22,37.66900000,38.87400000,36.83900000,38.08100000,12469.17800000,1626998399999,470253.55817000,3476,6270.64500000,236573.79470800,0
