openTime,open,high,low,close,volumn,closeTime,quote_volumn,trades,taker_base_volumn,taker_quote_volumn,ignore
2021-07-21,34.85300000,37.33800000,33.84300000,37.28000000,11091.19100000,1626911999999,400596.08640800,2483,5693.83200000,205603.37738300,0
