openTime,open,high,low,close,volumn,closeTime,quote_volumn,trades,taker_base_volumn,taker_quote_volumn,ignore
2021-07-21,0.03424000,0.03796000,0.03321000,0.03671000,87733344.30000000,1626911999999,3209203.76091700,17060,44308764.50000000,1619122.65198400,0
