openTime,open,high,low,close,volumn,closeTime,quote_volumn,trades,taker_base_volumn,taker_quote_volumn,ignore
2021-07-22,0.00212220,0.00216500,0.00205610,0.00216280,5570201411.00000000,1626998399999,11810262.96460510,42008,2799582016.00000000,5935497.89631840,0
