openTime,open,high,low,close,volumn,closeTime,quote_volumn,trades,taker_base_volumn,taker_quote_volumn,ignore
2021-07-21,0.00195080,0.00212280,0.00190390,0.00210330,4937299770.00000000,1626911999999,10040544.01189440,32328,2530259202.00000000,5143169.11094730,0
