openTime,open,high,low,close,volumn,closeTime,quote_volumn,trades,taker_base_volumn,taker_quote_volumn,ignore
2021-07-21,11.23600000,12.96800000,11.08100000,12.84500000,2546191.18000000,1626911999999,30740817.60016000,55229,1298648.50200000,15686955.24453700,0
