openTime,open,high,low,close,volumn,closeTime,quote_volumn,trades,taker_base_volumn,taker_quote_volumn,ignore
2021-07-21,2.37710000,2.46740000,2.24600000,2.38570000,3095421.85000000,1626911999999,7212276.12581400,29314,1785507.86000000,4158874.43821000,0
