openTime,open,high,low,close,volumn,closeTime,quote_volumn,trades,taker_base_volumn,taker_quote_volumn,ignore
2021-07-22,2.34740000,2.59640000,2.30010000,2.41840000,2432535.89000000,1626998399999,5912493.18259800,31234,1242108.73000000,3021555.15356900,0
