openTime,open,high,low,close,volumn,closeTime,quote_volumn,trades,taker_base_volumn,taker_quote_volumn,ignore
2021-07-21,0.02077000,0.02360000,0.02006000,0.02334000,190576468.30000000,1626911999999,4226041.18302300,19665,99078686.90000000,2197784.90723800,0
