openTime,open,high,low,close,volumn,closeTime,quote_volumn,trades,taker_base_volumn,taker_quote_volumn,ignore
2021-07-21,0.18800000,0.20300000,0.18500000,0.20100000,2432033.37200000,1626911999999,470714.83175400,2594,1373912.64000000,266525.59825900,0
