openTime,open,high,low,close,volumn,closeTime,quote_volumn,trades,taker_base_volumn,taker_quote_volumn,ignore
2021-07-21,0.24155000,0.26745000,0.23859000,0.25860000,192521128.60000000,1626911999999,48994595.78761600,133398,96512427.00000000,24571485.34719700,0
