openTime,open,high,low,close,volumn,closeTime,quote_volumn,trades,taker_base_volumn,taker_quote_volumn,ignore
2021-07-21,0.20673000,0.22975000,0.20021000,0.22483000,185130753.30000000,1626911999999,40640390.69014000,97191,90406544.40000000,19827350.49506500,0
