openTime,open,high,low,close,volumn,closeTime,quote_volumn,trades,taker_base_volumn,taker_quote_volumn,ignore
2021-07-22,0.22471000,0.23570000,0.22060000,0.23043000,174823429.30000000,1626998399999,39902265.93926400,105211,86934835.70000000,19839223.64192600,0
