openTime,open,high,low,close,volumn,closeTime,quote_volumn,trades,taker_base_volumn,taker_quote_volumn,ignore
2021-07-21,0.00821000,0.00925500,0.00810400,0.00907100,139963591.00000000,1626911999999,1226705.54427500,6810,77066967.00000000,677376.95999000,0
