openTime,open,high,low,close,volumn,closeTime,quote_volumn,trades,taker_base_volumn,taker_quote_volumn,ignore
2021-07-22,0.00891400,0.00950000,0.00875900,0.00934700,151267865.00000000,1626998399999,1370730.10203800,8830,85216234.00000000,773395.48640200,0
