openTime,open,high,low,close,volumn,closeTime,quote_volumn,trades,taker_base_volumn,taker_quote_volumn,ignore
2021-07-21,349.91000000,389.21000000,338.74000000,386.85000000,56010.42473000,1626911999999,20648368.66843960,60176,28206.33145000,10401438.12257040,0
