openTime,open,high,low,close,volumn,closeTime,quote_volumn,trades,taker_base_volumn,taker_quote_volumn,ignore
2021-07-22,376.94000000,415.25000000,368.49000000,414.20000000,108526.74771000,1626998399999,42429336.25766330,91335,55053.81573000,21518831.51176230,0
