openTime,open,high,low,close,volumn,closeTime,quote_volumn,trades,taker_base_volumn,taker_quote_volumn,ignore
2021-07-22,1.44800000,1.54900000,1.41400000,1.54300000,9277548.42800000,1626998399999,13664834.23962700,33935,4740942.53200000,6980117.29492500,0
