openTime,open,high,low,close,volumn,closeTime,quote_volumn,trades,taker_base_volumn,taker_quote_volumn,ignore
2021-07-21,1.28000000,1.43300000,1.24400000,1.42000000,5672417.71200000,1626911999999,7655993.07753400,21038,2697959.49100000,3641686.42709600,0
