openTime,open,high,low,close,volumn,closeTime,quote_volumn,trades,taker_base_volumn,taker_quote_volumn,ignore
2021-07-21,0.11360000,0.13140000,0.11060000,0.12570000,18685206.71000000,1626911999999,2336681.04410000,8078,8675568.98000000,1082957.40780500,0
