openTime,open,high,low,close,volumn,closeTime,quote_volumn,trades,taker_base_volumn,taker_quote_volumn,ignore
2021-07-21,0.18082000,0.19523000,0.17501000,0.19327000,6234907.10000000,1626911999999,1159982.72249200,7943,3021279.20000000,562417.77002400,0
