openTime,open,high,low,close,volumn,closeTime,quote_volumn,trades,taker_base_volumn,taker_quote_volumn,ignore
2021-07-21,125.22000000,147.77000000,124.18000000,144.19000000,318068.34364000,1626911999999,43427187.56369740,124755,166288.28020000,22708702.47499340,0
