openTime,open,high,low,close,volumn,closeTime,quote_volumn,trades,taker_base_volumn,taker_quote_volumn,ignore
2021-07-22,139.04000000,146.59000000,135.24000000,142.20000000,250180.96569000,1626998399999,35450387.82159710,98803,125796.87880000,17822013.91709110,0
