openTime,open,high,low,close,volumn,closeTime,quote_volumn,trades,taker_base_volumn,taker_quote_volumn,ignore
2021-07-21,0.07693000,0.08842000,0.07510000,0.08702000,49720224.80000000,1626911999999,4132705.74295200,21723,25772498.40000000,2137574.09852300,0
