openTime,open,high,low,close,volumn,closeTime,quote_volumn,trades,taker_base_volumn,taker_quote_volumn,ignore
2021-07-22,111.90000000,120.00000000,110.89000000,117.46000000,6640.81250000,1626998399999,761741.06639700,5045,4201.27170000,482502.58064800,0
