openTime,open,high,low,close,volumn,closeTime,quote_volumn,trades,taker_base_volumn,taker_quote_volumn,ignore
2021-07-21,100.78000000,108.84000000,97.91000000,108.48000000,6457.55980000,1626911999999,674617.35561400,4225,3832.50010000,402232.99506500,0
