openTime,open,high,low,close,volumn,closeTime,quote_volumn,trades,taker_base_volumn,taker_quote_volumn,ignore
2021-07-21,0.00161720,0.00189290,0.00156100,0.00185580,4933877576.00000000,1626911999999,8577224.51917830,27921,2665290374.00000000,4627808.74998760,0
