openTime,open,high,low,close,volumn,closeTime,quote_volumn,trades,taker_base_volumn,taker_quote_volumn,ignore
2021-07-22,0.00181730,0.00191730,0.00174610,0.00188550,5320479196.00000000,1626998399999,9717226.42215170,33503,2887850688.00000000,5276334.87726990,0
