openTime,open,high,low,close,volumn,closeTime,quote_volumn,trades,taker_base_volumn,taker_quote_volumn,ignore
2021-07-22,0.03655000,0.03750000,0.03575000,0.03700000,65032227.50000000,1626998399999,2385205.81192000,13144,34304446.80000000,1258957.34524900,0
