openTime,open,high,low,close,volumn,closeTime,quote_volumn,trades,taker_base_volumn,taker_quote_volumn,ignore
2021-07-21,0.03385000,0.03727000,0.03305000,0.03701000,53335811.70000000,1626911999999,1894803.77860900,11178,28765509.90000000,1023135.28831600,0
