openTime,open,high,low,close,volumn,closeTime,quote_volumn,trades,taker_base_volumn,taker_quote_volumn,ignore
2021-07-21,1.02700000,1.13100000,1.01000000,1.12100000,1030283.33900000,1626911999999,1122039.32719300,5651,552928.54600000,601552.81369300,0
