openTime,open,high,low,close,volumn,closeTime,quote_volumn,trades,taker_base_volumn,taker_quote_volumn,ignore
2021-07-21,0.10328000,0.12371000,0.10201000,0.11534000,9376006.20000000,1626911999999,1055876.99117700,5205,5233243.00000000,591890.64233600,0
