openTime,open,high,low,close,volumn,closeTime,quote_volumn,trades,taker_base_volumn,taker_quote_volumn,ignore
2021-07-21,0.05696300,0.07000000,0.05530300,0.06272300,48293827.00000000,1626911999999,2989630.73572100,17105,23753454.00000000,1476362.60684800,0
