openTime,open,high,low,close,volumn,closeTime,quote_volumn,trades,taker_base_volumn,taker_quote_volumn,ignore
2021-07-22,0.19045000,0.19646000,0.18632000,0.19123000,1393922167.50000000,1626998399999,266620497.72958900,500806,710432751.30000000,135879634.57631900,0
