openTime,open,high,low,close,volumn,closeTime,quote_volumn,trades,taker_base_volumn,taker_quote_volumn,ignore
2021-07-21,0.17048000,0.20000000,0.16836000,0.19684000,1917185855.70000000,1626911999999,355966177.68382700,684697,1008724959.10000000,187406791.37016300,0
