openTime,open,high,low,close,volumn,closeTime,quote_volumn,trades,taker_base_volumn,taker_quote_volumn,ignore
2021-07-21,10.96200000,12.51800000,10.67300000,12.40200000,13568703.74900000,1626911999999,158892905.00571500,335537,6878525.50400000,80561780.62767600,0
