openTime,open,high,low,close,volumn,closeTime,quote_volumn,trades,taker_base_volumn,taker_quote_volumn,ignore
2021-07-22,12.34400000,13.37000000,11.81000000,13.15200000,17109976.61200000,1626998399999,215356439.90399800,570321,8598972.22300000,108183981.47608600,0
