openTime,open,high,low,close,volumn,closeTime,quote_volumn,trades,taker_base_volumn,taker_quote_volumn,ignore
2021-07-21,67.71000000,78.21000000,65.54000000,77.57000000,113948.40460000,1626911999999,8263896.96449400,29402,57526.08570000,4186092.45700400,0
