openTime,open,high,low,close,volumn,closeTime,quote_volumn,trades,taker_base_volumn,taker_quote_volumn,ignore
2021-07-22,76.38000000,82.62000000,75.14000000,78.75000000,160476.81960000,1626998399999,12726136.85794300,41477,81344.20220000,6464272.38597100,0
