openTime,open,high,low,close,volumn,closeTime,quote_volumn,trades,taker_base_volumn,taker_quote_volumn,ignore
2021-07-21,0.99520000,1.12510000,0.95810000,1.10250000,18940282.51000000,1626911999999,20324131.91519500,53857,9147615.71000000,9797088.47765500,0
