openTime,open,high,low,close,volumn,closeTime,quote_volumn,trades,taker_base_volumn,taker_quote_volumn,ignore
2021-07-22,1.09810000,1.14480000,1.06560000,1.12350000,24268947.64000000,1626998399999,26972484.28918600,60653,12196557.11000000,13557011.04411800,0
