openTime,open,high,low,close,volumn,closeTime,quote_volumn,trades,taker_base_volumn,taker_quote_volumn,ignore
2021-07-22,3.50270000,3.58000000,3.42210000,3.56470000,18133612.16000000,1626998399999,63657860.06432000,114674,8986382.78000000,31542299.12887300,0
