openTime,open,high,low,close,volumn,closeTime,quote_volumn,trades,taker_base_volumn,taker_quote_volumn,ignore
2021-07-21,3.25970000,3.51530000,3.20800000,3.47840000,16029690.67000000,1626911999999,54437237.21625200,105626,8332686.46000000,28304556.85061800,0
