openTime,open,high,low,close,volumn,closeTime,quote_volumn,trades,taker_base_volumn,taker_quote_volumn,ignore
2021-07-22,42.90600000,44.22100000,41.89800000,43.39500000,2131353.45900000,1626998399999,91842656.99157700,212571,1080935.15600000,46586975.56469000,0
