openTime,open,high,low,close,volumn,closeTime,quote_volumn,trades,taker_base_volumn,taker_quote_volumn,ignore
2021-07-21,39.31100000,43.20000000,38.57900000,42.81300000,1635458.82900000,1626911999999,67816794.97180200,143606,848364.83200000,35167522.50582400,0
