openTime,open,high,low,close,volumn,closeTime,quote_volumn,trades,taker_base_volumn,taker_quote_volumn,ignore
2021-07-21,1786.03000000,1952.68000000,1747.55000000,1940.13000000,622755.78928000,1626911999999,1164966960.65937730,701789,321926.27927000,602331169.25542820,0
