openTime,open,high,low,close,volumn,closeTime,quote_volumn,trades,taker_base_volumn,taker_quote_volumn,ignore
2021-07-22,1995.50000000,2046.00000000,1947.62000000,2024.56000000,768854.36590000,1626998399999,1536669128.52045190,1074800,380631.63083000,760682754.97891000,0
