openTime,open,high,low,close,volumn,closeTime,quote_volumn,trades,taker_base_volumn,taker_quote_volumn,ignore
2021-07-21,0.26010000,0.29745000,0.25564000,0.28227000,39913944.20000000,1626911999999,11131856.16672900,44334,20621759.00000000,5757631.75205300,0
