openTime,open,high,low,close,volumn,closeTime,quote_volumn,trades,taker_base_volumn,taker_quote_volumn,ignore
2021-07-21,41.24000000,46.56000000,40.08000000,46.09000000,1338404.19170000,1626911999999,58202243.39391900,125789,701153.28360000,30473118.32226100,0
