openTime,open,high,low,close,volumn,closeTime,quote_volumn,trades,taker_base_volumn,taker_quote_volumn,ignore
2021-07-22,46.25000000,46.99000000,44.53000000,45.58000000,1164340.89590000,1626998399999,53015860.48561500,116003,579160.29750000,26369250.55897700,0
