openTime,open,high,low,close,volumn,closeTime,quote_volumn,trades,taker_base_volumn,taker_quote_volumn,ignore
2021-07-21,0.60800000,0.70600000,0.59800000,0.70400000,2242316.77400000,1626911999999,1491468.05162000,8486,1209422.37100000,807327.45566300,0
