openTime,open,high,low,close,volumn,closeTime,quote_volumn,trades,taker_base_volumn,taker_quote_volumn,ignore
2021-07-21,0.30550000,0.33640000,0.29730000,0.33480000,6803489.08000000,1626911999999,2193833.94617600,10276,3744290.11000000,1205997.11359400,0
