openTime,open,high,low,close,volumn,closeTime,quote_volumn,trades,taker_base_volumn,taker_quote_volumn,ignore
2021-07-21,0.16007000,0.18161000,0.15593000,0.17950000,58881262.00000000,1626911999999,10147544.54699100,25670,30524476.20000000,5254231.46064200,0
