openTime,open,high,low,close,volumn,closeTime,quote_volumn,trades,taker_base_volumn,taker_quote_volumn,ignore
2021-07-21,25.80500000,28.23900000,25.37500000,28.14200000,926748.82000000,1626911999999,24883795.37169400,27984,489637.73400000,13204471.78188600,0
