openTime,open,high,low,close,volumn,closeTime,quote_volumn,trades,taker_base_volumn,taker_quote_volumn,ignore
2021-07-22,28.17600000,29.15200000,27.46300000,28.77700000,423089.34100000,1626998399999,11968124.98805000,16768,218055.57600000,6182275.09010200,0
