openTime,open,high,low,close,volumn,closeTime,quote_volumn,trades,taker_base_volumn,taker_quote_volumn,ignore
2021-07-21,0.01352400,0.01437900,0.01340600,0.01434100,29253993.00000000,1626911999999,407713.02430300,3182,15472804.00000000,215681.94715100,0
