openTime,open,high,low,close,volumn,closeTime,quote_volumn,trades,taker_base_volumn,taker_quote_volumn,ignore
2021-07-22,0.55760000,0.56240000,0.52760000,0.55940000,22990176.38000000,1626998399999,12614186.72424000,53143,11880183.90000000,6521019.34958400,0
