openTime,open,high,low,close,volumn,closeTime,quote_volumn,trades,taker_base_volumn,taker_quote_volumn,ignore
2021-07-21,0.49220000,0.57010000,0.47400000,0.56160000,21096525.82000000,1626911999999,11095905.53260000,39227,10531722.80000000,5538606.95645500,0
