openTime,open,high,low,close,volumn,closeTime,quote_volumn,trades,taker_base_volumn,taker_quote_volumn,ignore
2021-07-21,0.02712000,0.02959000,0.02650000,0.02945000,25844685.30000000,1626911999999,741592.65404200,5836,14211485.40000000,408441.74265100,0
