openTime,open,high,low,close,volumn,closeTime,quote_volumn,trades,taker_base_volumn,taker_quote_volumn,ignore
2021-07-21,0.15782000,0.16981000,0.15500000,0.16690000,44981331.50000000,1626911999999,7412031.14604600,24269,21532975.00000000,3548178.21777200,0
