openTime,open,high,low,close,volumn,closeTime,quote_volumn,trades,taker_base_volumn,taker_quote_volumn,ignore
2021-07-22,0.16945000,0.17680000,0.16266000,0.17329000,65585750.00000000,1626998399999,11061244.01256500,35065,34952912.90000000,5901541.45041400,0
