openTime,open,high,low,close,volumn,closeTime,quote_volumn,trades,taker_base_volumn,taker_quote_volumn,ignore
2021-07-21,0.26350000,0.28220000,0.25640000,0.28060000,3792318.35000000,1626911999999,1024531.02992900,6652,1864712.59000000,504197.58668300,0
