openTime,open,high,low,close,volumn,closeTime,quote_volumn,trades,taker_base_volumn,taker_quote_volumn,ignore
2021-07-22,0.00478400,0.00498400,0.00469100,0.00489500,1538513501.00000000,1626998399999,7445079.13959300,30028,777850689.00000000,3765399.12681000,0
