openTime,open,high,low,close,volumn,closeTime,quote_volumn,trades,taker_base_volumn,taker_quote_volumn,ignore
2021-07-21,0.00445700,0.00485000,0.00433000,0.00481600,1703677101.00000000,1626911999999,7937568.36161000,21847,952745631.00000000,4431098.65129900,0
