openTime,open,high,low,close,volumn,closeTime,quote_volumn,trades,taker_base_volumn,taker_quote_volumn,ignore
2021-07-21,0.67990000,0.74300000,0.65730000,0.73290000,5833173.68000000,1626911999999,4155709.37585900,14035,2948754.43000000,2097851.95146000,0
