openTime,open,high,low,close,volumn,closeTime,quote_volumn,trades,taker_base_volumn,taker_quote_volumn,ignore
2021-07-22,0.74520000,0.78240000,0.73030000,0.77080000,5422416.97000000,1626998399999,4122770.47143300,15964,3030669.12000000,2303742.89979500,0
