openTime,open,high,low,close,volumn,closeTime,quote_volumn,trades,taker_base_volumn,taker_quote_volumn,ignore
2021-07-21,5.21300000,6.20200000,5.05100000,5.96800000,399426.03800000,1626911999999,2239577.80927100,11824,191441.03600000,1075253.70399000,0
