openTime,open,high,low,close,volumn,closeTime,quote_volumn,trades,taker_base_volumn,taker_quote_volumn,ignore
2021-07-22,0.01942500,0.02100000,0.01921400,0.02014100,756432439.00000000,1626998399999,14999882.34320300,50110,383886346.00000000,7608030.03011900,0
