openTime,open,high,low,close,volumn,closeTime,quote_volumn,trades,taker_base_volumn,taker_quote_volumn,ignore
2021-07-21,0.01799500,0.01956100,0.01732600,0.01935100,565851138.00000000,1626911999999,10496152.69968500,32527,271746811.00000000,5041465.03891500,0
