openTime,open,high,low,close,volumn,closeTime,quote_volumn,trades,taker_base_volumn,taker_quote_volumn,ignore
2021-07-21,0.59000000,0.64530000,0.57530000,0.64060000,11850803.76000000,1626911999999,7376826.61995800,24395,5968717.14000000,3713473.48531100,0
