openTime,open,high,low,close,volumn,closeTime,quote_volumn,trades,taker_base_volumn,taker_quote_volumn,ignore
2021-07-22,0.64920000,0.66430000,0.62960000,0.65130000,11021041.96000000,1626998399999,7116249.27901200,27968,5577999.07000000,3602042.35326300,0
