openTime,open,high,low,close,volumn,closeTime,quote_volumn,trades,taker_base_volumn,taker_quote_volumn,ignore
2021-07-21,0.01683800,0.02111600,0.01641000,0.01914800,395392469.00000000,1626911999999,7576057.13283600,31352,202743349.00000000,3886956.37737600,0
