openTime,open,high,low,close,volumn,closeTime,quote_volumn,trades,taker_base_volumn,taker_quote_volumn,ignore
2021-07-21,0.05584000,0.06160000,0.05456000,0.06131000,6004847.80000000,1626911999999,356066.76200600,2494,3120957.80000000,185576.61555400,0
