openTime,open,high,low,close,volumn,closeTime,quote_volumn,trades,taker_base_volumn,taker_quote_volumn,ignore
2021-07-21,0.03683000,0.03978000,0.03624000,0.03958000,17530884.80000000,1626911999999,668211.17744500,5016,8311415.80000000,316773.80412700,0
