openTime,open,high,low,close,volumn,closeTime,quote_volumn,trades,taker_base_volumn,taker_quote_volumn,ignore
2021-07-21,3.33940000,3.71410000,3.21550000,3.68960000,5339002.00000000,1626911999999,19195870.29280400,31439,3526601.50000000,12727808.36993600,0
