openTime,open,high,low,close,volumn,closeTime,quote_volumn,trades,taker_base_volumn,taker_quote_volumn,ignore
2021-07-22,3.67530000,4.03130000,3.58040000,3.91700000,12383092.75000000,1626998399999,47608811.10014900,72312,3328022.39000000,12672496.18689600,0
