openTime,open,high,low,close,volumn,closeTime,quote_volumn,trades,taker_base_volumn,taker_quote_volumn,ignore
2021-07-21,0.22300000,0.24330000,0.21300000,0.23990000,7680102.00000000,1626911999999,1778237.52610000,5113,3824392.00000000,886841.71280000,0
