openTime,open,high,low,close,volumn,closeTime,quote_volumn,trades,taker_base_volumn,taker_quote_volumn,ignore
2021-07-21,0.59740000,0.64260000,0.58710000,0.63590000,1123556.72000000,1626911999999,698148.26909800,4237,618967.55000000,384865.84923100,0
