openTime,open,high,low,close,volumn,closeTime,quote_volumn,trades,taker_base_volumn,taker_quote_volumn,ignore
2021-07-22,1.27000000,1.32300000,1.24800000,1.29200000,2982153.75400000,1626998399999,3855496.75931400,15719,1614111.49100000,2086655.59016600,0
