openTime,open,high,low,close,volumn,closeTime,quote_volumn,trades,taker_base_volumn,taker_quote_volumn,ignore
2021-07-21,1.16700000,1.28100000,1.13000000,1.27200000,2045973.98700000,1626911999999,2507877.01790800,10076,1011408.27300000,1239150.45015800,0
