openTime,open,high,low,close,volumn,closeTime,quote_volumn,trades,taker_base_volumn,taker_quote_volumn,ignore
2021-07-22,174.98000000,179.79000000,165.07000000,175.47000000,147339.00250000,1626998399999,25215864.89413100,58813,74583.44030000,12768230.81262000,0
