openTime,open,high,low,close,volumn,closeTime,quote_volumn,trades,taker_base_volumn,taker_quote_volumn,ignore
2021-07-21,148.54000000,176.56000000,144.08000000,173.63000000,94936.54920000,1626911999999,15443352.09118300,40427,47816.60510000,7790766.45597400,0
