openTime,open,high,low,close,volumn,closeTime,quote_volumn,trades,taker_base_volumn,taker_quote_volumn,ignore
2021-07-21,0.02480000,0.02850000,0.02410000,0.02820000,133525685.93000000,1626911999999,3584653.77709200,12516,68100238.15000000,1827551.07274100,0
