openTime,open,high,low,close,volumn,closeTime,quote_volumn,trades,taker_base_volumn,taker_quote_volumn,ignore
2021-07-21,13.74400000,15.37700000,13.46000000,15.25200000,5291053.57100000,1626911999999,76707844.04842700,136901,2624369.79100000,38031344.56584200,0
