openTime,open,high,low,close,volumn,closeTime,quote_volumn,trades,taker_base_volumn,taker_quote_volumn,ignore
2021-07-22,15.30000000,16.17600000,14.96100000,16.07100000,5864766.17100000,1626998399999,90861872.18353800,175184,2879007.44200000,44587793.20764400,0
