openTime,open,high,low,close,volumn,closeTime,quote_volumn,trades,taker_base_volumn,taker_quote_volumn,ignore
2021-07-22,0.20282000,0.21578000,0.20101000,0.21065000,13617893.70000000,1626998399999,2818816.89320300,11159,6734042.50000000,1393754.70356200,0
