openTime,open,high,low,close,volumn,closeTime,quote_volumn,trades,taker_base_volumn,taker_quote_volumn,ignore
2021-07-21,0.18808000,0.20265000,0.18337000,0.20143000,11230977.10000000,1626911999999,2196240.53362400,9505,5506695.90000000,1077051.25494800,0
