openTime,open,high,low,close,volumn,closeTime,quote_volumn,trades,taker_base_volumn,taker_quote_volumn,ignore
2021-07-21,2.14010000,2.27830000,2.02000000,2.27380000,1001231.54000000,1626911999999,2180451.54486200,11482,495639.09000000,1082371.32716700,0
