openTime,open,high,low,close,volumn,closeTime,quote_volumn,trades,taker_base_volumn,taker_quote_volumn,ignore
2021-07-22,2.27890000,2.33070000,2.20300000,2.30720000,849773.15000000,1626998399999,1931466.87352700,10410,424700.74000000,965392.61802700,0
