openTime,open,high,low,close,volumn,closeTime,quote_volumn,trades,taker_base_volumn,taker_quote_volumn,ignore
2021-07-21,107.31000000,116.81000000,105.05000000,116.12000000,408004.82096000,1626911999999,45534057.82145890,116330,205855.62185000,22957553.98064710,0
