openTime,open,high,low,close,volumn,closeTime,quote_volumn,trades,taker_base_volumn,taker_quote_volumn,ignore
2021-07-22,117.77000000,122.00000000,115.61000000,120.67000000,464759.47146000,1626998399999,55142102.74740570,131158,236132.46654000,28028246.95807030,0
