openTime,open,high,low,close,volumn,closeTime,quote_volumn,trades,taker_base_volumn,taker_quote_volumn,ignore
2021-07-21,5.86700000,6.58600000,5.69100000,6.53400000,4931411.88900000,1626911999999,30608105.08488300,52751,2536996.08300000,15741459.09333000,0
