openTime,open,high,low,close,volumn,closeTime,quote_volumn,trades,taker_base_volumn,taker_quote_volumn,ignore
2021-07-22,6.61500000,7.49900000,6.56900000,7.33400000,8525510.14800000,1626998399999,60356569.78014700,93897,4171264.63700000,29530780.05049700,0
