openTime,open,high,low,close,volumn,closeTime,quote_volumn,trades,taker_base_volumn,taker_quote_volumn,ignore
2021-07-21,0.51670000,0.58500000,0.50170000,0.57720000,18754064.44000000,1626911999999,10298719.61553100,36456,9612881.85000000,5276774.64443400,0
