openTime,open,high,low,close,volumn,closeTime,quote_volumn,trades,taker_base_volumn,taker_quote_volumn,ignore
2021-07-22,0.58000000,0.60630000,0.56830000,0.59050000,35652387.28000000,1626998399999,20921299.38260800,52995,17628028.30000000,10345531.94149000,0
