openTime,open,high,low,close,volumn,closeTime,quote_volumn,trades,taker_base_volumn,taker_quote_volumn,ignore
2021-07-21,0.68901000,0.88624000,0.66838000,0.86393000,422446741.80000000,1626911999999,337603416.56614300,607925,213699054.00000000,170573721.91449000,0
