openTime,open,high,low,close,volumn,closeTime,quote_volumn,trades,taker_base_volumn,taker_quote_volumn,ignore
2021-07-22,0.88886000,0.93333000,0.84266000,0.88062000,424463228.60000000,1626998399999,378446517.00287900,615243,212930820.80000000,189923860.42889900,0
