openTime,open,high,low,close,volumn,closeTime,quote_volumn,trades,taker_base_volumn,taker_quote_volumn,ignore
2021-07-21,0.01815000,0.02033000,0.01786000,0.02016000,20217154.40000000,1626911999999,392167.50291000,2576,10690593.90000000,207154.42674000,0
