openTime,open,high,low,close,volumn,closeTime,quote_volumn,trades,taker_base_volumn,taker_quote_volumn,ignore
2021-07-22,2.73200000,2.77000000,2.67900000,2.75500000,393050.17500000,1626998399999,1068329.34157900,5144,204888.83500000,557035.84721700,0
