openTime,open,high,low,close,volumn,closeTime,quote_volumn,trades,taker_base_volumn,taker_quote_volumn,ignore
2021-07-21,2.63200000,2.75000000,2.58700000,2.73100000,365811.55300000,1626911999999,981356.53909900,4874,188204.97600000,504668.16213300,0
