openTime,open,high,low,close,volumn,closeTime,quote_volumn,trades,taker_base_volumn,taker_quote_volumn,ignore
2021-07-21,0.03448000,0.04100000,0.03351000,0.03898000,112671700.60000000,1626911999999,4143141.10678200,18229,59231438.30000000,2174267.28220700,0
