openTime,open,high,low,close,volumn,closeTime,quote_volumn,trades,taker_base_volumn,taker_quote_volumn,ignore
2021-07-21,2185.31000000,2438.99000000,2152.68000000,2416.87000000,1934.62020000,1626911999999,4491060.47804120,12271,1008.68625000,2336375.92813880,0
