openTime,open,high,low,close,volumn,closeTime,quote_volumn,trades,taker_base_volumn,taker_quote_volumn,ignore
2021-07-22,2441.65000000,2476.99000000,2377.45000000,2435.13000000,2389.62640000,1626998399999,5811544.70295100,15806,1404.63593000,3417959.19855880,0
