openTime,open,high,low,close,volumn,closeTime,quote_volumn,trades,taker_base_volumn,taker_quote_volumn,ignore
2021-07-21,64.45000000,67.87000000,63.20000000,67.21000000,8450.59000000,1626911999999,558191.07550000,2929,4173.46000000,275945.32090000,0
