openTime,open,high,low,close,volumn,closeTime,quote_volumn,trades,taker_base_volumn,taker_quote_volumn,ignore
2021-07-21,1.29870000,1.39940000,1.24690000,1.39390000,2159656.48000000,1626911999999,2901854.67382200,10019,1157426.91000000,1555070.03785100,0
