openTime,open,high,low,close,volumn,closeTime,quote_volumn,trades,taker_base_volumn,taker_quote_volumn,ignore
2021-07-22,3.53350000,3.69990000,3.41570000,3.54310000,846406.12000000,1626998399999,3013111.17265500,15600,435023.29000000,1549262.42062000,0
