openTime,open,high,low,close,volumn,closeTime,quote_volumn,trades,taker_base_volumn,taker_quote_volumn,ignore
2021-07-21,3.22230000,3.66120000,3.11560000,3.59210000,729710.80000000,1626911999999,2493474.24272200,12058,397848.99000000,1366378.42770400,0
