openTime,open,high,low,close,volumn,closeTime,quote_volumn,trades,taker_base_volumn,taker_quote_volumn,ignore
2021-07-21,0.00923000,0.01008000,0.00899000,0.01000000,43606751.40000000,1626911999999,425587.46664800,3075,21225375.20000000,206706.62727900,0
