openTime,open,high,low,close,volumn,closeTime,quote_volumn,trades,taker_base_volumn,taker_quote_volumn,ignore
2021-07-21,1.67930000,1.82000000,1.62280000,1.79440000,3131593.64000000,1626911999999,5461136.42729000,17103,1594134.06000000,2779853.46812700,0
