openTime,open,high,low,close,volumn,closeTime,quote_volumn,trades,taker_base_volumn,taker_quote_volumn,ignore
2021-07-22,1.82740000,1.94550000,1.76830000,1.93530000,4859018.02000000,1626998399999,8970210.31637500,25975,2450807.01000000,4527060.50619300,0
