openTime,open,high,low,close,volumn,closeTime,quote_volumn,trades,taker_base_volumn,taker_quote_volumn,ignore
2021-07-21,25.84900000,28.28300000,25.22800000,28.10300000,524046.37800000,1626911999999,14281818.59795300,33005,242842.82800000,6617599.56965100,0
