openTime,open,high,low,close,volumn,closeTime,quote_volumn,trades,taker_base_volumn,taker_quote_volumn,ignore
2021-07-22,27.90700000,29.48200000,27.34100000,28.93000000,592681.71200000,1626998399999,16845565.84622300,43876,303238.24200000,8613837.18718500,0
