openTime,open,high,low,close,volumn,closeTime,quote_volumn,trades,taker_base_volumn,taker_quote_volumn,ignore
2021-07-21,0.17169000,0.18687000,0.16729000,0.18352000,9272829.80000000,1626911999999,1668087.51445300,7752,4810872.00000000,865627.12975700,0
