openTime,open,high,low,close,volumn,closeTime,quote_volumn,trades,taker_base_volumn,taker_quote_volumn,ignore
2021-07-21,29.84000000,32.70900000,29.02800000,31.07900000,34893.29200000,1626911999999,1076155.65188000,6803,17842.21600000,549674.88377100,0
