openTime,open,high,low,close,volumn,closeTime,quote_volumn,trades,taker_base_volumn,taker_quote_volumn,ignore
2021-07-21,0.31710000,0.34700000,0.31300000,0.33980000,2691167.56000000,1626911999999,901905.67346700,5401,1336869.14000000,448033.84801300,0
