openTime,open,high,low,close,volumn,closeTime,quote_volumn,trades,taker_base_volumn,taker_quote_volumn,ignore
2021-07-21,0.17730000,0.19510000,0.17410000,0.19220000,6229726.00000000,1626911999999,1146683.96480000,4436,2933404.00000000,538271.22360000,0
