openTime,open,high,low,close,volumn,closeTime,quote_volumn,trades,taker_base_volumn,taker_quote_volumn,ignore
2021-07-21,0.59100000,0.68080000,0.57060000,0.67230000,12177940.05000000,1626911999999,7773917.53016800,26665,5988521.45000000,3818512.15264000,0
