openTime,open,high,low,close,volumn,closeTime,quote_volumn,trades,taker_base_volumn,taker_quote_volumn,ignore
2021-07-22,3.46420000,3.61580000,3.38210000,3.58700000,4982537.89000000,1626998399999,17476797.34402800,73861,2521906.82000000,8844631.69193000,0
