openTime,open,high,low,close,volumn,closeTime,quote_volumn,trades,taker_base_volumn,taker_quote_volumn,ignore
2021-07-21,3.17230000,3.47660000,3.08480000,3.45230000,2963429.49000000,1626911999999,9783442.46725200,48666,1525300.68000000,5033305.34886700,0
