openTime,open,high,low,close,volumn,closeTime,quote_volumn,trades,taker_base_volumn,taker_quote_volumn,ignore
2021-07-21,0.09940000,0.11080000,0.09600000,0.10820000,16656822.51000000,1626911999999,1751146.27802200,12171,8642786.53000000,908861.22473600,0
