openTime,open,high,low,close,volumn,closeTime,quote_volumn,trades,taker_base_volumn,taker_quote_volumn,ignore
2021-07-22,0.06385000,0.06771000,0.06223000,0.06445000,150983757.40000000,1626998399999,9862745.53272700,39347,76226938.50000000,4983574.78863800,0
