openTime,open,high,low,close,volumn,closeTime,quote_volumn,trades,taker_base_volumn,taker_quote_volumn,ignore
2021-07-21,0.05695000,0.06473000,0.05490000,0.06440000,125004839.60000000,1626911999999,7600269.85538300,28587,61185903.50000000,3725763.78658200,0
