openTime,open,high,low,close,volumn,closeTime,quote_volumn,trades,taker_base_volumn,taker_quote_volumn,ignore
2021-07-21,0.56860000,0.61350000,0.55190000,0.60680000,15737387.85000000,1626911999999,9222503.95867900,27388,7825609.01000000,4583755.85655100,0
