openTime,open,high,low,close,volumn,closeTime,quote_volumn,trades,taker_base_volumn,taker_quote_volumn,ignore
2021-07-22,0.61270000,0.63170000,0.59690000,0.62680000,23597279.57000000,1626998399999,14506220.05290600,44610,11781690.56000000,7240592.78690600,0
