openTime,open,high,low,close,volumn,closeTime,quote_volumn,trades,taker_base_volumn,taker_quote_volumn,ignore
2021-07-21,0.23130000,0.24810000,0.22650000,0.24610000,4097732.78000000,1626911999999,991018.17606300,6112,1947854.93000000,470290.85218100,0
