openTime,open,high,low,close,volumn,closeTime,quote_volumn,trades,taker_base_volumn,taker_quote_volumn,ignore
2021-07-21,6.84400000,7.56900000,6.73900000,7.56000000,520829.77800000,1626911999999,3656032.13952000,14188,227947.28200000,1605805.04719500,0
