openTime,open,high,low,close,volumn,closeTime,quote_volumn,trades,taker_base_volumn,taker_quote_volumn,ignore
2021-07-21,0.62380000,0.71000000,0.61390000,0.69360000,2019632.00000000,1626911999999,1345205.42570000,6745,1050283.00000000,698512.61690000,0
