openTime,open,high,low,close,volumn,closeTime,quote_volumn,trades,taker_base_volumn,taker_quote_volumn,ignore
2021-07-21,0.04720000,0.05120000,0.04570000,0.05070000,19160120.56000000,1626911999999,940760.01942700,7239,10244249.43000000,502868.00579300,0
