openTime,open,high,low,close,volumn,closeTime,quote_volumn,trades,taker_base_volumn,taker_quote_volumn,ignore
2021-07-22,5.39500000,5.67200000,5.27600000,5.60000000,1036045.86200000,1626998399999,5685524.75735300,18993,519848.97600000,2853546.01519700,0
