openTime,open,high,low,close,volumn,closeTime,quote_volumn,trades,taker_base_volumn,taker_quote_volumn,ignore
2021-07-21,4.97700000,5.49400000,4.83100000,5.42900000,1007876.33900000,1626911999999,5234181.63872700,14521,494673.21400000,2568831.66926500,0
