openTime,open,high,low,close,volumn,closeTime,quote_volumn,trades,taker_base_volumn,taker_quote_volumn,ignore
2021-07-21,0.01149000,0.01249500,0.01118100,0.01239000,411434253.00000000,1626911999999,4962087.69195500,19552,230446969.00000000,2782714.25737400,0
