openTime,open,high,low,close,volumn,closeTime,quote_volumn,trades,taker_base_volumn,taker_quote_volumn,ignore
2021-07-21,0.27831000,0.30464000,0.27057000,0.30194000,7891771.10000000,1626911999999,2333518.09293400,9947,3207835.90000000,946963.57825700,0
