openTime,open,high,low,close,volumn,closeTime,quote_volumn,trades,taker_base_volumn,taker_quote_volumn,ignore
2021-07-22,0.31472000,0.32650000,0.30330000,0.32533000,9317788.30000000,1626998399999,2920261.09311900,11357,4437424.30000000,1390474.59884500,0
