openTime,open,high,low,close,volumn,closeTime,quote_volumn,trades,taker_base_volumn,taker_quote_volumn,ignore
2021-07-22,2.35200000,2.43360000,2.27070000,2.36010000,1560029.82000000,1626998399999,3666397.60911900,20252,822438.53000000,1934354.54259300,0
