openTime,open,high,low,close,volumn,closeTime,quote_volumn,trades,taker_base_volumn,taker_quote_volumn,ignore
2021-07-21,2.13500000,2.41980000,2.06360000,2.36780000,825906.33000000,1626911999999,1885642.09295000,11123,447791.16000000,1022345.66620000,0
