openTime,open,high,low,close,volumn,closeTime,quote_volumn,trades,taker_base_volumn,taker_quote_volumn,ignore
2021-07-22,0.01943000,0.02200000,0.01920000,0.02146000,440630009.40000000,1626998399999,9125756.85261900,29595,233796891.70000000,4844938.95138300,0
