openTime,open,high,low,close,volumn,closeTime,quote_volumn,trades,taker_base_volumn,taker_quote_volumn,ignore
2021-07-21,0.01728000,0.01954000,0.01688000,0.01926000,190661670.40000000,1626911999999,3514705.72651700,12058,99204454.70000000,1824852.56498400,0
