openTime,open,high,low,close,volumn,closeTime,quote_volumn,trades,taker_base_volumn,taker_quote_volumn,ignore
2021-07-21,0.05097000,0.05432000,0.05008000,0.05370000,89654054.30000000,1626911999999,4731357.76323200,19894,42546057.40000000,2245442.50580100,0
