openTime,open,high,low,close,volumn,closeTime,quote_volumn,trades,taker_base_volumn,taker_quote_volumn,ignore
2021-07-22,0.01064100,0.01083600,0.01037100,0.01082400,469248370.00000000,1626998399999,4978751.28270500,19975,259189719.00000000,2750915.94900000,0
