openTime,open,high,low,close,volumn,closeTime,quote_volumn,trades,taker_base_volumn,taker_quote_volumn,ignore
2021-07-21,0.00976300,0.01065400,0.00953500,0.01056100,515402742.00000000,1626911999999,5246264.88501800,22408,237816887.00000000,2422750.66293200,0
