openTime,open,high,low,close,volumn,closeTime,quote_volumn,trades,taker_base_volumn,taker_quote_volumn,ignore
2021-07-21,0.17407000,0.19995000,0.17070000,0.19887000,24650207.10000000,1626911999999,4632947.99245100,16524,13205824.60000000,2485671.44087000,0
