openTime,open,high,low,close,volumn,closeTime,quote_volumn,trades,taker_base_volumn,taker_quote_volumn,ignore
2021-07-22,8.48500000,8.95000000,8.21800000,8.52000000,2305215.30700000,1626998399999,19843193.45763500,58865,1159745.40900000,9981956.16842300,0
