openTime,open,high,low,close,volumn,closeTime,quote_volumn,trades,taker_base_volumn,taker_quote_volumn,ignore
2021-07-21,7.55500000,8.43500000,7.14200000,8.32200000,2451356.60200000,1626911999999,19257811.23251300,52985,1239143.67600000,9730090.04595600,0
