openTime,open,high,low,close,volumn,closeTime,quote_volumn,trades,taker_base_volumn,taker_quote_volumn,ignore
2021-07-22,26.70600000,28.17000000,25.91000000,27.69900000,2643783.14400000,1626998399999,71691184.16164500,161799,1358309.09100000,36862478.47556300,0
