openTime,open,high,low,close,volumn,closeTime,quote_volumn,trades,taker_base_volumn,taker_quote_volumn,ignore
2021-07-21,23.48400000,27.10000000,22.80000000,26.73800000,3057655.58800000,1626911999999,77200408.05012200,155035,1583793.41700000,39975521.05495400,0
