openTime,open,high,low,close,volumn,closeTime,quote_volumn,trades,taker_base_volumn,taker_quote_volumn,ignore
2021-07-21,2.46460000,2.80960000,2.39770000,2.73290000,1707449.77000000,1626911999999,4448658.57458500,16501,812625.58000000,2116877.96046100,0
