openTime,open,high,low,close,volumn,closeTime,quote_volumn,trades,taker_base_volumn,taker_quote_volumn,ignore
2021-07-21,0.70900000,0.75950000,0.67460000,0.75500000,3670667.75000000,1626911999999,2685610.77469600,12663,1743208.05000000,1274818.08253200,0
