openTime,open,high,low,close,volumn,closeTime,quote_volumn,trades,taker_base_volumn,taker_quote_volumn,ignore
2021-07-21,0.03564000,0.03831000,0.03342000,0.03768000,22479390.00000000,1626911999999,812853.78935200,5441,10904833.00000000,395751.94531200,0
