openTime,open,high,low,close,volumn,closeTime,quote_volumn,trades,taker_base_volumn,taker_quote_volumn,ignore
2021-07-21,0.81180000,0.92760000,0.78970000,0.91770000,3771686.09000000,1626911999999,3269943.83522800,14069,2047951.89000000,1775952.59490000,0
