openTime,open,high,low,close,volumn,closeTime,quote_volumn,trades,taker_base_volumn,taker_quote_volumn,ignore
2021-07-22,0.95050000,1.10860000,0.94650000,1.04020000,8423478.60000000,1626998399999,8789337.19694200,43913,4254414.54000000,4439230.96655500,0
