openTime,open,high,low,close,volumn,closeTime,quote_volumn,trades,taker_base_volumn,taker_quote_volumn,ignore
2021-07-21,0.01726000,0.01860000,0.01689000,0.01850000,75105863.00000000,1626911999999,1362039.64213000,7681,41596662.00000000,753759.53711000,0
