openTime,open,high,low,close,volumn,closeTime,quote_volumn,trades,taker_base_volumn,taker_quote_volumn,ignore
2021-07-21,6.29000000,7.00100000,6.13000000,6.92700000,3575684.02600000,1626911999999,23787921.16165400,48321,1776892.07400000,11821532.17306200,0
