openTime,open,high,low,close,volumn,closeTime,quote_volumn,trades,taker_base_volumn,taker_quote_volumn,ignore
2021-07-22,7.09400000,8.30000000,7.02900000,8.23600000,11605524.31000000,1626998399999,88733216.74148400,155255,4672420.88800000,35733290.28435000,0
