openTime,open,high,low,close,volumn,closeTime,quote_volumn,trades,taker_base_volumn,taker_quote_volumn,ignore
2021-07-21,1.43000000,1.56900000,1.36800000,1.54800000,16220206.15700000,1626911999999,24040210.02407700,43568,7349967.45600000,10903641.26667100,0
