openTime,open,high,low,close,volumn,closeTime,quote_volumn,trades,taker_base_volumn,taker_quote_volumn,ignore
2021-07-21,0.01639500,0.01894000,0.01595000,0.01847500,48240480.00000000,1626911999999,864023.30208200,5278,25771883.00000000,462291.34106100,0
