openTime,open,high,low,close,volumn,closeTime,quote_volumn,trades,taker_base_volumn,taker_quote_volumn,ignore
2021-07-21,3.66000000,4.48800000,3.54500000,4.44400000,17227015.30200000,1626911999999,69633037.26601600,179559,8895612.36600000,35977942.99174200,0
