openTime,open,high,low,close,volumn,closeTime,quote_volumn,trades,taker_base_volumn,taker_quote_volumn,ignore
2021-07-21,29.67800000,33.30000000,28.46400000,32.16100000,107115.66200000,1626911999999,3358557.96652000,11006,52639.24200000,1649484.69132600,0
