openTime,open,high,low,close,volumn,closeTime,quote_volumn,trades,taker_base_volumn,taker_quote_volumn,ignore
2021-07-22,0.05389000,0.05536000,0.05295000,0.05526000,658326956.70000000,1626998399999,35723219.94598000,92343,338290276.00000000,18367381.74577100,0
