openTime,open,high,low,close,volumn,closeTime,quote_volumn,trades,taker_base_volumn,taker_quote_volumn,ignore
2021-07-21,0.05046000,0.05450000,0.04972000,0.05421000,565491975.20000000,1626911999999,29794619.82789100,68412,308985378.20000000,16281877.15251900,0
