openTime,open,high,low,close,volumn,closeTime,quote_volumn,trades,taker_base_volumn,taker_quote_volumn,ignore
2021-07-21,0.99980000,1.00020000,0.99950000,0.99990000,7566460.20000000,1626911999999,7565335.15509300,4022,3951570.80000000,3951038.86354800,0
