openTime,open,high,low,close,volumn,closeTime,quote_volumn,trades,taker_base_volumn,taker_quote_volumn,ignore
2021-07-22,0.99990000,1.00060000,0.99930000,1.00010000,9402547.59000000,1626998399999,9402273.65217200,5402,4176727.23000000,4176738.49286100,0
