openTime,open,high,low,close,volumn,closeTime,quote_volumn,trades,taker_base_volumn,taker_quote_volumn,ignore
2021-07-22,8.02800000,8.60600000,7.90300000,8.50900000,191645.08500000,1626998399999,1590034.24189800,9316,96025.33600000,796864.06601200,0
