openTime,open,high,low,close,volumn,closeTime,quote_volumn,trades,taker_base_volumn,taker_quote_volumn,ignore
2021-07-21,7.61300000,8.17500000,7.31000000,8.02300000,202718.70200000,1626911999999,1558457.17583700,5966,117602.96600000,904468.92112500,0
