openTime,open,high,low,close,volumn,closeTime,quote_volumn,trades,taker_base_volumn,taker_quote_volumn,ignore
2021-07-22,16.72700000,17.61700000,16.06600000,17.57900000,2957017.84300000,1626998399999,49877976.97331500,112762,1487066.86500000,25056936.56397800,0
