openTime,open,high,low,close,volumn,closeTime,quote_volumn,trades,taker_base_volumn,taker_quote_volumn,ignore
2021-07-21,14.56900000,16.41600000,14.01300000,16.25400000,2526257.74400000,1626911999999,38894919.09617000,96174,1181861.59800000,18158176.04632600,0
