openTime,open,high,low,close,volumn,closeTime,quote_volumn,trades,taker_base_volumn,taker_quote_volumn,ignore
2021-07-21,0.15820000,0.18190000,0.15510000,0.17730000,7096358.86000000,1626911999999,1202401.61190000,6995,3646625.14000000,618688.22952400,0
