openTime,open,high,low,close,volumn,closeTime,quote_volumn,trades,taker_base_volumn,taker_quote_volumn,ignore
2021-07-21,0.05776000,0.06735000,0.05598000,0.06685000,1008413998.10000000,1626911999999,63025808.11682600,113092,499877744.20000000,31228903.31179500,0
