openTime,open,high,low,close,volumn,closeTime,quote_volumn,trades,taker_base_volumn,taker_quote_volumn,ignore
2021-07-21,0.04508000,0.05054000,0.04373000,0.04960000,20193254.40000000,1626911999999,953486.45349400,6160,10613154.20000000,501783.65956300,0
