openTime,open,high,low,close,volumn,closeTime,quote_volumn,trades,taker_base_volumn,taker_quote_volumn,ignore
2021-07-21,0.46280000,0.49190000,0.45100000,0.48940000,1289817.93000000,1626911999999,612515.58037600,4612,700142.01000000,332852.60834700,0
