openTime,open,high,low,close,volumn,closeTime,quote_volumn,trades,taker_base_volumn,taker_quote_volumn,ignore
2021-07-22,12.75300000,14.98800000,12.60000000,14.10400000,2895945.98400000,1626998399999,41031876.79339500,144267,1608609.22300000,22792551.08584700,0
