openTime,open,high,low,close,volumn,closeTime,quote_volumn,trades,taker_base_volumn,taker_quote_volumn,ignore
2021-07-21,11.88100000,12.83000000,11.66000000,12.69700000,457105.93600000,1626911999999,5640951.32083900,17319,222410.85700000,2744791.54934800,0
