openTime,open,high,low,close,volumn,closeTime,quote_volumn,trades,taker_base_volumn,taker_quote_volumn,ignore
2021-07-21,13.35100000,15.51800000,13.15700000,15.23000000,127725.44600000,1626911999999,1785449.46568300,7557,65984.40900000,920055.94703500,0
