openTime,open,high,low,close,volumn,closeTime,quote_volumn,trades,taker_base_volumn,taker_quote_volumn,ignore
2021-07-21,0.43160000,0.48350000,0.42310000,0.47730000,1823657.00000000,1626911999999,826772.40999500,3735,1010319.76000000,459533.36090700,0
