openTime,open,high,low,close,volumn,closeTime,quote_volumn,trades,taker_base_volumn,taker_quote_volumn,ignore
2021-07-22,0.13870000,0.14810000,0.13340000,0.14340000,121533299.39000000,1626998399999,17201742.15332700,58978,63632920.30000000,9009190.23726000,0
