openTime,open,high,low,close,volumn,closeTime,quote_volumn,trades,taker_base_volumn,taker_quote_volumn,ignore
2021-07-21,0.12930000,0.14170000,0.12020000,0.13900000,101135076.80000000,1626911999999,13264048.86842400,45034,51501681.90000000,6760545.42139200,0
