openTime,open,high,low,close,volumn,closeTime,quote_volumn,trades,taker_base_volumn,taker_quote_volumn,ignore
2021-07-22,0.22830000,0.26795000,0.22368000,0.26356000,340795940.80000000,1626998399999,85949733.73503100,244904,178598008.10000000,45011901.49438200,0
