openTime,open,high,low,close,volumn,closeTime,quote_volumn,trades,taker_base_volumn,taker_quote_volumn,ignore
2021-07-21,0.21202000,0.22562000,0.20682000,0.22376000,86160384.50000000,1626911999999,18650934.53335400,57543,43222146.90000000,9356384.63055000,0
