openTime,open,high,low,close,volumn,closeTime,quote_volumn,trades,taker_base_volumn,taker_quote_volumn,ignore
2021-07-21,182.89000000,196.13000000,178.92000000,195.07000000,74443.14185000,1626911999999,14098874.54626060,36491,40174.30734000,7619468.68208580,0
