openTime,open,high,low,close,volumn,closeTime,quote_volumn,trades,taker_base_volumn,taker_quote_volumn,ignore
2021-07-22,196.77000000,202.54000000,190.02000000,197.70000000,79271.28115000,1626998399999,15518997.53489720,47203,41675.05648000,8162589.49674830,0
