openTime,open,high,low,close,volumn,closeTime,quote_volumn,trades,taker_base_volumn,taker_quote_volumn,ignore
2021-07-21,0.52840000,0.56860000,0.51930000,0.56420000,287392018.71000000,1626911999999,157303792.74650500,173082,151677301.33000000,83059383.13274000,0
