openTime,open,high,low,close,volumn,closeTime,quote_volumn,trades,taker_base_volumn,taker_quote_volumn,ignore
2021-07-22,0.57180000,0.60330000,0.56090000,0.59200000,409238764.36000000,1626998399999,237900523.66243800,244332,208079156.87000000,120968178.41779900,0
