openTime,open,high,low,close,volumn,closeTime,quote_volumn,trades,taker_base_volumn,taker_quote_volumn,ignore
2021-07-22,2.39760000,2.50970000,2.33350000,2.50130000,3564101.93000000,1626998399999,8636183.72598200,25300,1735572.70000000,4204667.80746800,0
