openTime,open,high,low,close,volumn,closeTime,quote_volumn,trades,taker_base_volumn,taker_quote_volumn,ignore
2021-07-21,2.15370000,2.38730000,2.10280000,2.35990000,3139912.28000000,1626911999999,7112004.25926300,18033,1584669.29000000,3588280.15343100,0
