openTime,open,high,low,close,volumn,closeTime,quote_volumn,trades,taker_base_volumn,taker_quote_volumn,ignore
2021-07-22,0.01760000,0.01850000,0.01744000,0.01825000,89391311.00000000,1626998399999,1606282.96042000,10491,43948025.00000000,791540.46392000,0
