openTime,open,high,low,close,volumn,closeTime,quote_volumn,trades,taker_base_volumn,taker_quote_volumn,ignore
2021-07-21,0.01629000,0.01805000,0.01591000,0.01789000,64488451.00000000,1626911999999,1115839.70440000,6604,34178656.00000000,592680.08329000,0
