openTime,open,high,low,close,volumn,closeTime,quote_volumn,trades,taker_base_volumn,taker_quote_volumn,ignore
2021-07-21,2322.15000000,2508.76000000,2226.04000000,2458.48000000,2347.20171700,1626911999999,5605974.15375296,24512,1175.55937900,2813659.24634213,0
