openTime,open,high,low,close,volumn,closeTime,quote_volumn,trades,taker_base_volumn,taker_quote_volumn,ignore
2021-07-22,28292.84000000,28866.86000000,27462.82000000,28492.57000000,342.97801300,1626998399999,9688059.99206299,22981,180.48676600,5098748.43520454,0
