openTime,open,high,low,close,volumn,closeTime,quote_volumn,trades,taker_base_volumn,taker_quote_volumn,ignore
2021-07-21,25811.48000000,28832.45000000,25296.12000000,28661.17000000,317.70570200,1626911999999,8691635.19036534,24084,155.22369600,4256707.21309748,0
