openTime,open,high,low,close,volumn,closeTime,quote_volumn,trades,taker_base_volumn,taker_quote_volumn,ignore
2021-07-21,85.65000000,93.40000000,84.20000000,93.15000000,179635.03758000,1626911999999,16142920.75299290,49844,93781.70441000,8446857.32452050,0
