openTime,open,high,low,close,volumn,closeTime,quote_volumn,trades,taker_base_volumn,taker_quote_volumn,ignore
2021-07-22,95.21000000,97.96000000,91.41000000,97.60000000,181032.74394000,1626998399999,17110890.56647870,61429,92622.66088000,8759829.25412940,0
