openTime,open,high,low,close,volumn,closeTime,quote_volumn,trades,taker_base_volumn,taker_quote_volumn,ignore
2021-07-21,43.66000000,47.60000000,42.00000000,46.88000000,101404.55320000,1626911999999,4608526.79719600,17525,49196.90790000,2235780.89270900,0
