openTime,open,high,low,close,volumn,closeTime,quote_volumn,trades,taker_base_volumn,taker_quote_volumn,ignore
2021-07-22,49.36000000,50.94000000,46.84000000,48.50000000,159152.54760000,1626998399999,7789464.63576000,31927,73848.35370000,3618953.63955500,0
