openTime,open,high,low,close,volumn,closeTime,quote_volumn,trades,taker_base_volumn,taker_quote_volumn,ignore
2021-07-21,0.05339000,0.05927000,0.05186000,0.05890000,107960006.20000000,1626911999999,6057232.78667700,23355,54252176.60000000,3043484.57802700,0
