openTime,open,high,low,close,volumn,closeTime,quote_volumn,trades,taker_base_volumn,taker_quote_volumn,ignore
2021-07-22,0.05861000,0.06403000,0.05778000,0.06207000,180239410.40000000,1626998399999,10914203.03408100,42482,88383444.50000000,5355600.14216000,0
