openTime,open,high,low,close,volumn,closeTime,quote_volumn,trades,taker_base_volumn,taker_quote_volumn,ignore
2021-07-21,0.54670000,0.60940000,0.53000000,0.60430000,3630041.00000000,1626911999999,2096908.76598200,7890,1642605.33000000,947173.92706700,0
